-- Apr 1, 2014 9:31:38 AM BRT
-- Table/Tab/Fields for LBR_DocLine_IPI (Order)
INSERT INTO AD_Reference (AD_Reference_ID,Name,EntityType,AD_Reference_UU,IsOrderByValue,ValidationType,AD_Org_ID,CreatedBy,Updated,IsActive,Created,UpdatedBy,AD_Client_ID) VALUES (1000029,'LBR_IPI_TaxStatus','LBR','79e92a25-25b4-43e8-88cd-8a09c02b2110','N','L',0,0,TO_TIMESTAMP('2014-04-01 09:31:37','YYYY-MM-DD HH24:MI:SS'),'Y',TO_TIMESTAMP('2014-04-01 09:31:37','YYYY-MM-DD HH24:MI:SS'),0,0)
;

-- Apr 1, 2014 9:33:16 AM BRT
INSERT INTO AD_Ref_List (AD_Ref_List_ID,AD_Reference_ID,AD_Ref_List_UU,Value,Created,CreatedBy,Updated,UpdatedBy,IsActive,EntityType,AD_Client_ID,AD_Org_ID,Name) VALUES (1000081,1000029,'492218cb-8be7-479f-9ace-e2414053b371','00',TO_TIMESTAMP('2014-04-01 09:33:16','YYYY-MM-DD HH24:MI:SS'),0,TO_TIMESTAMP('2014-04-01 09:33:16','YYYY-MM-DD HH24:MI:SS'),0,'Y','LBR',0,0,'00 - Entrada com recuperacao de credito')
;

-- Apr 1, 2014 9:33:41 AM BRT
INSERT INTO AD_Ref_List (AD_Ref_List_ID,AD_Reference_ID,AD_Ref_List_UU,Value,Created,CreatedBy,Updated,UpdatedBy,IsActive,EntityType,AD_Client_ID,AD_Org_ID,Name) VALUES (1000082,1000029,'b668634d-ebea-4ab0-a6c0-31f2f885a0f7','01',TO_TIMESTAMP('2014-04-01 09:33:41','YYYY-MM-DD HH24:MI:SS'),0,TO_TIMESTAMP('2014-04-01 09:33:41','YYYY-MM-DD HH24:MI:SS'),0,'Y','LBR',0,0,'01 - Entrada tributada com aliquota zero')
;

-- Apr 1, 2014 9:33:54 AM BRT
INSERT INTO AD_Ref_List (AD_Ref_List_ID,AD_Reference_ID,AD_Ref_List_UU,Value,Created,CreatedBy,Updated,UpdatedBy,IsActive,EntityType,AD_Client_ID,AD_Org_ID,Name) VALUES (1000083,1000029,'e3b97968-8318-4b3b-9563-9f40fcb6d04e','02',TO_TIMESTAMP('2014-04-01 09:33:54','YYYY-MM-DD HH24:MI:SS'),0,TO_TIMESTAMP('2014-04-01 09:33:54','YYYY-MM-DD HH24:MI:SS'),0,'Y','LBR',0,0,'02 - Entrada isenta')
;

-- Apr 1, 2014 9:34:25 AM BRT
INSERT INTO AD_Ref_List (AD_Ref_List_ID,AD_Reference_ID,AD_Ref_List_UU,Value,Created,CreatedBy,Updated,UpdatedBy,IsActive,EntityType,AD_Client_ID,AD_Org_ID,Name) VALUES (1000084,1000029,'1ef946fc-ba1a-4132-924d-28bec677ba37','03',TO_TIMESTAMP('2014-04-01 09:34:25','YYYY-MM-DD HH24:MI:SS'),0,TO_TIMESTAMP('2014-04-01 09:34:25','YYYY-MM-DD HH24:MI:SS'),0,'Y','LBR',0,0,'03 - Entrada nao-tributada')
;

-- Apr 1, 2014 9:34:40 AM BRT
INSERT INTO AD_Ref_List (AD_Ref_List_ID,AD_Reference_ID,AD_Ref_List_UU,Value,Created,CreatedBy,Updated,UpdatedBy,IsActive,EntityType,AD_Client_ID,AD_Org_ID,Name) VALUES (1000085,1000029,'d3dae2a8-d1b8-47f5-869d-faf22f180c83','04',TO_TIMESTAMP('2014-04-01 09:34:40','YYYY-MM-DD HH24:MI:SS'),0,TO_TIMESTAMP('2014-04-01 09:34:40','YYYY-MM-DD HH24:MI:SS'),0,'Y','LBR',0,0,'04 - Entrada imune')
;

-- Apr 1, 2014 9:34:54 AM BRT
INSERT INTO AD_Ref_List (AD_Ref_List_ID,AD_Reference_ID,AD_Ref_List_UU,Value,Created,CreatedBy,Updated,UpdatedBy,IsActive,EntityType,AD_Client_ID,AD_Org_ID,Name) VALUES (1000086,1000029,'a061a75b-da0c-49a7-a923-c75dcf6a7dcb','05',TO_TIMESTAMP('2014-04-01 09:34:54','YYYY-MM-DD HH24:MI:SS'),0,TO_TIMESTAMP('2014-04-01 09:34:54','YYYY-MM-DD HH24:MI:SS'),0,'Y','LBR',0,0,'05 - Entrada com suspensao')
;

-- Apr 1, 2014 9:35:18 AM BRT
INSERT INTO AD_Ref_List (AD_Ref_List_ID,AD_Reference_ID,AD_Ref_List_UU,Value,Created,CreatedBy,Updated,UpdatedBy,IsActive,EntityType,AD_Client_ID,AD_Org_ID,Name) VALUES (1000087,1000029,'3a6e134e-e573-4d5c-8226-00ca078e253c','49',TO_TIMESTAMP('2014-04-01 09:35:18','YYYY-MM-DD HH24:MI:SS'),0,TO_TIMESTAMP('2014-04-01 09:35:18','YYYY-MM-DD HH24:MI:SS'),0,'Y','LBR',0,0,'49 - Outras entradas')
;

-- Apr 1, 2014 9:35:32 AM BRT
INSERT INTO AD_Ref_List (AD_Ref_List_ID,AD_Reference_ID,AD_Ref_List_UU,Value,Created,CreatedBy,Updated,UpdatedBy,IsActive,EntityType,AD_Client_ID,AD_Org_ID,Name) VALUES (1000088,1000029,'66110bd6-bab8-453d-bfe8-b25e5248d5e7','50',TO_TIMESTAMP('2014-04-01 09:35:32','YYYY-MM-DD HH24:MI:SS'),0,TO_TIMESTAMP('2014-04-01 09:35:32','YYYY-MM-DD HH24:MI:SS'),0,'Y','LBR',0,0,'50 - Saida tributada')
;

-- Apr 1, 2014 9:35:49 AM BRT
INSERT INTO AD_Ref_List (AD_Ref_List_ID,AD_Reference_ID,AD_Ref_List_UU,Value,Created,CreatedBy,Updated,UpdatedBy,IsActive,EntityType,AD_Client_ID,AD_Org_ID,Name) VALUES (1000089,1000029,'93991207-1c65-4b65-af51-79fc8a800acb','51',TO_TIMESTAMP('2014-04-01 09:35:49','YYYY-MM-DD HH24:MI:SS'),0,TO_TIMESTAMP('2014-04-01 09:35:49','YYYY-MM-DD HH24:MI:SS'),0,'Y','LBR',0,0,'51 - Saida tributada com aliquota zero')
;

-- Apr 1, 2014 9:36:02 AM BRT
INSERT INTO AD_Ref_List (AD_Ref_List_ID,AD_Reference_ID,AD_Ref_List_UU,Value,Created,CreatedBy,Updated,UpdatedBy,IsActive,EntityType,AD_Client_ID,AD_Org_ID,Name) VALUES (1000090,1000029,'a40a5bb6-de8f-4a82-9a68-c8d350db9341','52',TO_TIMESTAMP('2014-04-01 09:36:02','YYYY-MM-DD HH24:MI:SS'),0,TO_TIMESTAMP('2014-04-01 09:36:02','YYYY-MM-DD HH24:MI:SS'),0,'Y','LBR',0,0,'52 - Saida isenta')
;

-- Apr 1, 2014 9:36:18 AM BRT
INSERT INTO AD_Ref_List (AD_Ref_List_ID,AD_Reference_ID,AD_Ref_List_UU,Value,Created,CreatedBy,Updated,UpdatedBy,IsActive,EntityType,AD_Client_ID,AD_Org_ID,Name) VALUES (1000091,1000029,'1dd6a36d-58a5-4026-a592-97b386ee3670','53',TO_TIMESTAMP('2014-04-01 09:36:18','YYYY-MM-DD HH24:MI:SS'),0,TO_TIMESTAMP('2014-04-01 09:36:18','YYYY-MM-DD HH24:MI:SS'),0,'Y','LBR',0,0,'53 - Saida nao-tributada')
;

-- Apr 1, 2014 9:36:33 AM BRT
INSERT INTO AD_Ref_List (AD_Ref_List_ID,AD_Reference_ID,AD_Ref_List_UU,Value,Created,CreatedBy,Updated,UpdatedBy,IsActive,EntityType,AD_Client_ID,AD_Org_ID,Name) VALUES (1000092,1000029,'01195059-e3be-4936-8d73-dabc398f38b3','54',TO_TIMESTAMP('2014-04-01 09:36:33','YYYY-MM-DD HH24:MI:SS'),0,TO_TIMESTAMP('2014-04-01 09:36:33','YYYY-MM-DD HH24:MI:SS'),0,'Y','LBR',0,0,'54 - Saida imune')
;

-- Apr 1, 2014 9:37:24 AM BRT
INSERT INTO AD_Ref_List (AD_Ref_List_ID,AD_Reference_ID,AD_Ref_List_UU,Value,Created,CreatedBy,Updated,UpdatedBy,IsActive,EntityType,AD_Client_ID,AD_Org_ID,Name) VALUES (1000093,1000029,'c295ae24-3097-4bf9-a876-64460b6cb95a','55',TO_TIMESTAMP('2014-04-01 09:37:24','YYYY-MM-DD HH24:MI:SS'),0,TO_TIMESTAMP('2014-04-01 09:37:24','YYYY-MM-DD HH24:MI:SS'),0,'Y','LBR',0,0,'55 - Saida com suspensao')
;

-- Apr 1, 2014 9:37:43 AM BRT
INSERT INTO AD_Ref_List (AD_Ref_List_ID,AD_Reference_ID,AD_Ref_List_UU,Value,Created,CreatedBy,Updated,UpdatedBy,IsActive,EntityType,AD_Client_ID,AD_Org_ID,Name) VALUES (1000094,1000029,'94a27b8a-37bd-441a-a570-3f78dbf8c08d','99',TO_TIMESTAMP('2014-04-01 09:37:42','YYYY-MM-DD HH24:MI:SS'),0,TO_TIMESTAMP('2014-04-01 09:37:42','YYYY-MM-DD HH24:MI:SS'),0,'Y','LBR',0,0,'99 - Outras saidas')
;

-- Apr 1, 2014 9:51:21 AM BRT
INSERT INTO AD_Reference (AD_Reference_ID,Name,EntityType,AD_Reference_UU,IsOrderByValue,ValidationType,AD_Org_ID,CreatedBy,Updated,IsActive,Created,UpdatedBy,AD_Client_ID) VALUES (1000030,'LBR_IPI_CalculationType','LBR','82e1336d-b4d1-47f2-ba56-29ba3256b51a','N','L',0,0,TO_TIMESTAMP('2014-04-01 09:51:21','YYYY-MM-DD HH24:MI:SS'),'Y',TO_TIMESTAMP('2014-04-01 09:51:21','YYYY-MM-DD HH24:MI:SS'),0,0)
;

-- Apr 1, 2014 9:53:46 AM BRT
INSERT INTO AD_Ref_List (AD_Ref_List_ID,AD_Reference_ID,AD_Ref_List_UU,Value,Created,CreatedBy,Updated,UpdatedBy,IsActive,EntityType,AD_Client_ID,AD_Org_ID,Name) VALUES (1000095,1000030,'8d6ecfbe-7903-4735-9a74-428e761544cb','PER',TO_TIMESTAMP('2014-04-01 09:53:46','YYYY-MM-DD HH24:MI:SS'),0,TO_TIMESTAMP('2014-04-01 09:53:46','YYYY-MM-DD HH24:MI:SS'),0,'Y','LBR',0,0,'Percentage')
;

-- Apr 1, 2014 9:54:55 AM BRT
INSERT INTO AD_Ref_List (AD_Ref_List_ID,AD_Reference_ID,AD_Ref_List_UU,Value,Created,CreatedBy,Updated,UpdatedBy,IsActive,EntityType,AD_Client_ID,AD_Org_ID,Name) VALUES (1000096,1000030,'722caa0f-9d34-46e7-b7f3-05991a1e0d50','AMT',TO_TIMESTAMP('2014-04-01 09:54:55','YYYY-MM-DD HH24:MI:SS'),0,TO_TIMESTAMP('2014-04-01 09:54:55','YYYY-MM-DD HH24:MI:SS'),0,'Y','LBR',0,0,'Amount')
;

-- Apr 1, 2014 10:03:44 AM BRT
INSERT INTO AD_Table (ImportTable,CopyColumnsFromTable,IsSecurityEnabled,AccessLevel,LoadSeq,AD_Table_ID,IsHighVolume,IsView,IsChangeLog,EntityType,ReplicationType,AD_Table_UU,IsCentrallyMaintained,IsDeleteable,TableName,Name,IsActive,AD_Org_ID,CreatedBy,Updated,UpdatedBy,Created,AD_Client_ID,Processing,DatabaseViewDrop) VALUES ('N','N','N','3',0,1000028,'Y','N','Y','LBR','L','2027ecfe-855a-4023-977f-4a0f21b64711','Y','Y','LBR_DocLine_IPI','Doc Line IPI','Y',0,0,TO_TIMESTAMP('2014-04-01 10:03:43','YYYY-MM-DD HH24:MI:SS'),0,TO_TIMESTAMP('2014-04-01 10:03:43','YYYY-MM-DD HH24:MI:SS'),0,'N','N')
;

-- Apr 1, 2014 10:03:44 AM BRT
INSERT INTO AD_Sequence (StartNewYear,CurrentNextSys,IsTableID,CurrentNext,IsAudited,IsAutoSequence,AD_Sequence_ID,Description,Name,IncrementNo,AD_Sequence_UU,Created,CreatedBy,Updated,UpdatedBy,IsActive,StartNo,AD_Client_ID,AD_Org_ID) VALUES ('N',200000,'Y',1000000,'N','Y',1000032,'Table LBR_DocLine_IPI','LBR_DocLine_IPI',1,'b448427e-844a-4195-86c9-7c38283821ab',TO_TIMESTAMP('2014-04-01 10:03:44','YYYY-MM-DD HH24:MI:SS'),0,TO_TIMESTAMP('2014-04-01 10:03:44','YYYY-MM-DD HH24:MI:SS'),0,'Y',1000000,0,0)
;

-- Apr 1, 2014 10:07:41 AM BRT
INSERT INTO AD_Column (SeqNoSelection,IsSyncDatabase,Version,AD_Column_ID,IsMandatory,IsTranslated,IsIdentifier,SeqNo,IsParent,FieldLength,IsSelectionColumn,IsKey,IsAutocomplete,IsAllowLogging,AD_Column_UU,IsUpdateable,ColumnName,Description,DefaultValue,Help,Name,IsAllowCopy,Updated,CreatedBy,IsActive,Created,UpdatedBy,IsToolbarButton,IsAlwaysUpdateable,AD_Client_ID,IsEncrypted,IsSecure,AD_Element_ID,AD_Reference_ID,AD_Table_ID,AD_Val_Rule_ID,AD_Org_ID,EntityType) VALUES (0,'N',0,1000492,'N','N','N',0,'N',22,'N','N','N','Y','e2bb3345-5e32-4a55-b9bf-32fe89ed7d94','N','AD_Client_ID','Client/Tenant for this installation.','@#AD_Client_ID@','A Client is a company or a legal entity. You cannot share data between Clients. Tenant is a synonym for Client.','Client','N',TO_TIMESTAMP('2014-04-01 10:07:41','YYYY-MM-DD HH24:MI:SS'),0,'Y',TO_TIMESTAMP('2014-04-01 10:07:41','YYYY-MM-DD HH24:MI:SS'),0,'N','N',0,'N','N',102,19,1000028,129,0,'LBR')
;

-- Apr 1, 2014 10:07:47 AM BRT
UPDATE AD_Column SET FKConstraintName='ADClient_LBRDocLineIPI', FKConstraintType='N',Updated=TO_TIMESTAMP('2014-04-01 10:07:47','YYYY-MM-DD HH24:MI:SS'),UpdatedBy=0 WHERE AD_Column_ID=1000492
;

-- Apr 1, 2014 10:07:47 AM BRT
CREATE TABLE LBR_DocLine_IPI (AD_Client_ID NUMERIC(10) DEFAULT NULL )
;

-- Apr 1, 2014 10:07:48 AM BRT
ALTER TABLE LBR_DocLine_IPI ADD CONSTRAINT ADClient_LBRDocLineIPI FOREIGN KEY (AD_Client_ID) REFERENCES ad_client(ad_client_id) DEFERRABLE INITIALLY DEFERRED
;

-- Apr 1, 2014 10:08:03 AM BRT
INSERT INTO AD_Column (SeqNoSelection,IsSyncDatabase,Version,AD_Column_ID,IsMandatory,IsTranslated,IsIdentifier,SeqNo,IsParent,FieldLength,IsSelectionColumn,IsKey,IsAutocomplete,IsAllowLogging,AD_Column_UU,IsUpdateable,ColumnName,Description,DefaultValue,Help,Name,IsAllowCopy,Updated,CreatedBy,IsActive,Created,UpdatedBy,IsToolbarButton,IsAlwaysUpdateable,AD_Client_ID,IsEncrypted,IsSecure,AD_Element_ID,AD_Reference_ID,AD_Table_ID,AD_Val_Rule_ID,AD_Org_ID,EntityType) VALUES (0,'N',0,1000493,'N','N','N',0,'N',22,'N','N','N','Y','f81248bd-a66e-4ebb-81ba-59f8616683bc','N','AD_Org_ID','Organizational entity within client','@#AD_Org_ID@','An organization is a unit of your client or legal entity - examples are store, department. You can share data between organizations.','Organization','N',TO_TIMESTAMP('2014-04-01 10:08:03','YYYY-MM-DD HH24:MI:SS'),0,'Y',TO_TIMESTAMP('2014-04-01 10:08:03','YYYY-MM-DD HH24:MI:SS'),0,'N','N',0,'N','N',113,19,1000028,104,0,'LBR')
;

-- Apr 1, 2014 10:08:16 AM BRT
UPDATE AD_Column SET FKConstraintName='ADOrg_LBRDocLineIPI', FKConstraintType='N',Updated=TO_TIMESTAMP('2014-04-01 10:08:16','YYYY-MM-DD HH24:MI:SS'),UpdatedBy=0 WHERE AD_Column_ID=1000493
;

-- Apr 1, 2014 10:08:16 AM BRT
ALTER TABLE LBR_DocLine_IPI ADD COLUMN AD_Org_ID NUMERIC(10) DEFAULT NULL 
;

-- Apr 1, 2014 10:08:16 AM BRT
ALTER TABLE LBR_DocLine_IPI ADD CONSTRAINT ADOrg_LBRDocLineIPI FOREIGN KEY (AD_Org_ID) REFERENCES ad_org(ad_org_id) DEFERRABLE INITIALLY DEFERRED
;

-- Apr 1, 2014 10:09:47 AM BRT
INSERT INTO AD_Column (SeqNoSelection,IsSyncDatabase,Version,AD_Column_ID,IsMandatory,IsTranslated,IsIdentifier,SeqNo,IsParent,FieldLength,IsSelectionColumn,IsKey,IsAutocomplete,IsAllowLogging,AD_Column_UU,IsUpdateable,ColumnName,Description,Help,Name,IsAllowCopy,Updated,CreatedBy,IsActive,Created,UpdatedBy,IsToolbarButton,IsAlwaysUpdateable,AD_Client_ID,IsEncrypted,IsSecure,AD_Element_ID,AD_Reference_ID,AD_Table_ID,AD_Org_ID,EntityType) VALUES (0,'N',0,1000494,'N','N','N',0,'N',7,'N','N','N','Y','461d1357-da38-438a-97b8-488e8f1d93b5','N','Created','Date this record was created','The Created field indicates the date that this record was created.','Created','N',TO_TIMESTAMP('2014-04-01 10:09:47','YYYY-MM-DD HH24:MI:SS'),0,'Y',TO_TIMESTAMP('2014-04-01 10:09:47','YYYY-MM-DD HH24:MI:SS'),0,'N','N',0,'N','N',245,16,1000028,0,'LBR')
;

-- Apr 1, 2014 10:10:45 AM BRT
ALTER TABLE LBR_DocLine_IPI ADD COLUMN Created TIMESTAMP DEFAULT NULL 
;

-- Apr 1, 2014 10:10:59 AM BRT
INSERT INTO AD_Column (SeqNoSelection,IsSyncDatabase,Version,AD_Column_ID,IsMandatory,IsTranslated,IsIdentifier,SeqNo,IsParent,FieldLength,IsSelectionColumn,IsKey,IsAutocomplete,IsAllowLogging,AD_Column_UU,IsUpdateable,ColumnName,Description,Help,Name,IsAllowCopy,Updated,CreatedBy,IsActive,Created,UpdatedBy,IsToolbarButton,IsAlwaysUpdateable,AD_Client_ID,IsEncrypted,IsSecure,AD_Element_ID,AD_Reference_ID,AD_Reference_Value_ID,AD_Table_ID,AD_Org_ID,EntityType) VALUES (0,'N',0,1000495,'N','N','N',0,'N',22,'N','N','N','Y','0b9b1e26-ea4d-4096-88c7-bca2c97f92f6','N','CreatedBy','User who created this records','The Created By field indicates the user who created this record.','Created By','N',TO_TIMESTAMP('2014-04-01 10:10:59','YYYY-MM-DD HH24:MI:SS'),0,'Y',TO_TIMESTAMP('2014-04-01 10:10:59','YYYY-MM-DD HH24:MI:SS'),0,'N','N',0,'N','N',246,18,110,1000028,0,'LBR')
;

-- Apr 1, 2014 10:11:03 AM BRT
UPDATE AD_Column SET FKConstraintName='CreatedBy_LBRDocLineIPI', FKConstraintType='N',Updated=TO_TIMESTAMP('2014-04-01 10:11:03','YYYY-MM-DD HH24:MI:SS'),UpdatedBy=0 WHERE AD_Column_ID=1000495
;

-- Apr 1, 2014 10:11:03 AM BRT
ALTER TABLE LBR_DocLine_IPI ADD COLUMN CreatedBy NUMERIC(10) DEFAULT NULL 
;

-- Apr 1, 2014 10:11:03 AM BRT
ALTER TABLE LBR_DocLine_IPI ADD CONSTRAINT CreatedBy_LBRDocLineIPI FOREIGN KEY (CreatedBy) REFERENCES ad_user(ad_user_id) DEFERRABLE INITIALLY DEFERRED
;

-- Apr 1, 2014 10:11:19 AM BRT
INSERT INTO AD_Column (SeqNoSelection,IsSyncDatabase,Version,AD_Column_ID,IsMandatory,IsTranslated,IsIdentifier,SeqNo,IsParent,FieldLength,IsSelectionColumn,IsKey,IsAutocomplete,IsAllowLogging,AD_Column_UU,IsUpdateable,ColumnName,Description,Help,Name,IsAllowCopy,Updated,CreatedBy,IsActive,Created,UpdatedBy,IsToolbarButton,IsAlwaysUpdateable,AD_Client_ID,IsEncrypted,IsSecure,AD_Element_ID,AD_Reference_ID,AD_Table_ID,AD_Org_ID,EntityType) VALUES (0,'N',0,1000496,'N','N','N',0,'N',7,'N','N','N','Y','37a354aa-7921-4c10-96a4-2104d7982b25','N','Updated','Date this record was updated','The Updated field indicates the date that this record was updated.','Updated','N',TO_TIMESTAMP('2014-04-01 10:11:19','YYYY-MM-DD HH24:MI:SS'),0,'Y',TO_TIMESTAMP('2014-04-01 10:11:19','YYYY-MM-DD HH24:MI:SS'),0,'N','N',0,'N','N',607,16,1000028,0,'LBR')
;

-- Apr 1, 2014 10:11:23 AM BRT
ALTER TABLE LBR_DocLine_IPI ADD COLUMN Updated TIMESTAMP DEFAULT NULL 
;

-- Apr 1, 2014 10:11:37 AM BRT
INSERT INTO AD_Column (SeqNoSelection,IsSyncDatabase,Version,AD_Column_ID,IsMandatory,IsTranslated,IsIdentifier,SeqNo,IsParent,FieldLength,IsSelectionColumn,IsKey,IsAutocomplete,IsAllowLogging,AD_Column_UU,IsUpdateable,ColumnName,Description,Help,Name,IsAllowCopy,Updated,CreatedBy,IsActive,Created,UpdatedBy,IsToolbarButton,IsAlwaysUpdateable,AD_Client_ID,IsEncrypted,IsSecure,AD_Element_ID,AD_Reference_ID,AD_Reference_Value_ID,AD_Table_ID,AD_Org_ID,EntityType) VALUES (0,'N',0,1000497,'N','N','N',0,'N',22,'N','N','N','Y','58453d2d-bff3-4e21-bced-e13475fc4682','N','UpdatedBy','User who updated this records','The Updated By field indicates the user who updated this record.','Updated By','N',TO_TIMESTAMP('2014-04-01 10:11:37','YYYY-MM-DD HH24:MI:SS'),0,'Y',TO_TIMESTAMP('2014-04-01 10:11:37','YYYY-MM-DD HH24:MI:SS'),0,'N','N',0,'N','N',608,18,110,1000028,0,'LBR')
;

-- Apr 1, 2014 10:11:38 AM BRT
UPDATE AD_Column SET FKConstraintName='UpdatedBy_LBRDocLineIPI', FKConstraintType='N',Updated=TO_TIMESTAMP('2014-04-01 10:11:38','YYYY-MM-DD HH24:MI:SS'),UpdatedBy=0 WHERE AD_Column_ID=1000497
;

-- Apr 1, 2014 10:11:38 AM BRT
ALTER TABLE LBR_DocLine_IPI ADD COLUMN UpdatedBy NUMERIC(10) DEFAULT NULL 
;

-- Apr 1, 2014 10:11:38 AM BRT
ALTER TABLE LBR_DocLine_IPI ADD CONSTRAINT UpdatedBy_LBRDocLineIPI FOREIGN KEY (UpdatedBy) REFERENCES ad_user(ad_user_id) DEFERRABLE INITIALLY DEFERRED
;

-- Apr 1, 2014 10:11:52 AM BRT
INSERT INTO AD_Column (SeqNoSelection,IsSyncDatabase,Version,AD_Column_ID,IsMandatory,IsTranslated,IsIdentifier,SeqNo,IsParent,FieldLength,IsSelectionColumn,IsKey,IsAutocomplete,IsAllowLogging,AD_Column_UU,IsUpdateable,ColumnName,Description,DefaultValue,Help,Name,IsAllowCopy,Updated,CreatedBy,IsActive,Created,UpdatedBy,IsToolbarButton,IsAlwaysUpdateable,AD_Client_ID,IsEncrypted,IsSecure,AD_Element_ID,AD_Reference_ID,AD_Table_ID,AD_Org_ID,EntityType) VALUES (0,'N',0,1000498,'N','N','N',0,'N',1,'N','N','N','Y','96103570-8277-41f9-b839-794c2311c0bc','Y','IsActive','The record is active in the system','Y','There are two methods of making records unavailable in the system: One is to delete the record, the other is to de-activate the record. A de-activated record is not available for selection, but available for reports.
There are two reasons for de-activating and not deleting records:
(1) The system requires the record for audit purposes.
(2) The record is referenced by other records. E.g., you cannot delete a Business Partner, if there are invoices for this partner record existing. You de-activate the Business Partner and prevent that this record is used for future entries.','Active','N',TO_TIMESTAMP('2014-04-01 10:11:52','YYYY-MM-DD HH24:MI:SS'),0,'Y',TO_TIMESTAMP('2014-04-01 10:11:52','YYYY-MM-DD HH24:MI:SS'),0,'N','N',0,'N','N',348,20,1000028,0,'LBR')
;

-- Apr 1, 2014 10:11:57 AM BRT
ALTER TABLE LBR_DocLine_IPI ADD COLUMN IsActive CHAR(1) DEFAULT 'Y' CHECK (IsActive IN ('Y','N'))
;

-- Apr 1, 2014 10:13:02 AM BRT
INSERT INTO AD_Element (ColumnName,AD_Element_ID,Help,Name,Description,PrintName,AD_Element_UU,Created,Updated,AD_Org_ID,CreatedBy,UpdatedBy,IsActive,AD_Client_ID,EntityType) VALUES ('LBR_DocLine_IPI_ID',1000136,'The Doc Line IPI is a unique identifier for a doc line details.','Doc Line IPI','Doc Line IPI','Doc Line IPI','226c14e4-38e9-4b45-acc5-1d4df6aa0e84',TO_TIMESTAMP('2014-04-01 10:13:02','YYYY-MM-DD HH24:MI:SS'),TO_TIMESTAMP('2014-04-01 10:13:02','YYYY-MM-DD HH24:MI:SS'),0,0,0,'Y',0,'LBR')
;

-- Apr 1, 2014 10:13:12 AM BRT
INSERT INTO AD_Element (ColumnName,AD_Element_ID,Help,Name,Description,PrintName,AD_Element_UU,Created,Updated,AD_Org_ID,CreatedBy,UpdatedBy,IsActive,AD_Client_ID,EntityType) VALUES ('LBR_DocLine_IPI_UU',1000137,'The Doc Line IPI is a unique identifier for a doc line details.','Doc Line IPI','Doc Line IPI','Doc Line IPI','9afa3005-af28-4fbe-8a1f-6b99aff53d3f',TO_TIMESTAMP('2014-04-01 10:13:11','YYYY-MM-DD HH24:MI:SS'),TO_TIMESTAMP('2014-04-01 10:13:11','YYYY-MM-DD HH24:MI:SS'),0,0,0,'Y',0,'LBR')
;

-- Apr 1, 2014 10:16:57 AM BRT
INSERT INTO AD_Column (SeqNoSelection,IsSyncDatabase,Version,AD_Column_ID,IsMandatory,IsTranslated,IsIdentifier,SeqNo,IsParent,FieldLength,IsSelectionColumn,IsKey,IsAutocomplete,IsAllowLogging,AD_Column_UU,IsUpdateable,ColumnName,Description,Help,Name,IsAllowCopy,Updated,CreatedBy,IsActive,Created,UpdatedBy,IsToolbarButton,IsAlwaysUpdateable,AD_Client_ID,IsEncrypted,IsSecure,FKConstraintType,AD_Element_ID,AD_Reference_ID,AD_Table_ID,AD_Org_ID,EntityType) VALUES (0,'N',0,1000499,'N','N','N',0,'N',22,'N','Y','N','Y','eeb5852b-0c75-4757-a7cd-972116c5f5e8','N','LBR_DocLine_IPI_ID','Doc Line IPI','The Doc Line IPI is a unique identifier for a doc line details.','Doc Line IPI','N',TO_TIMESTAMP('2014-04-01 10:16:57','YYYY-MM-DD HH24:MI:SS'),0,'Y',TO_TIMESTAMP('2014-04-01 10:16:57','YYYY-MM-DD HH24:MI:SS'),0,'N','N',0,'N','N','N',1000136,13,1000028,0,'LBR')
;

-- Apr 1, 2014 10:17:01 AM BRT
ALTER TABLE LBR_DocLine_IPI ADD COLUMN LBR_DocLine_IPI_ID NUMERIC(10) DEFAULT NULL 
;

-- Apr 1, 2014 10:17:02 AM BRT
ALTER TABLE LBR_DocLine_IPI ADD CONSTRAINT LBR_DocLine_IPI_Key PRIMARY KEY (LBR_DocLine_IPI_ID)
;

-- Apr 1, 2014 10:17:22 AM BRT
INSERT INTO AD_Column (SeqNoSelection,IsSyncDatabase,Version,AD_Column_ID,IsMandatory,IsTranslated,IsIdentifier,SeqNo,IsParent,FieldLength,IsSelectionColumn,IsKey,IsAutocomplete,IsAllowLogging,AD_Column_UU,IsUpdateable,ColumnName,Description,Help,Name,IsAllowCopy,Updated,CreatedBy,IsActive,Created,UpdatedBy,IsToolbarButton,IsAlwaysUpdateable,AD_Client_ID,IsEncrypted,IsSecure,FKConstraintType,AD_Element_ID,AD_Reference_ID,AD_Table_ID,AD_Org_ID,EntityType) VALUES (0,'N',0,1000500,'N','N','N',0,'N',36,'N','N','N','Y','fb7335f9-8d33-4264-ade7-18290fcdd72a','N','LBR_DocLine_IPI_UU','Doc Line IPI','The Doc Line IPI is a unique identifier for a doc line details.','Doc Line IPI','N',TO_TIMESTAMP('2014-04-01 10:17:22','YYYY-MM-DD HH24:MI:SS'),0,'Y',TO_TIMESTAMP('2014-04-01 10:17:22','YYYY-MM-DD HH24:MI:SS'),0,'N','N',0,'N','N','N',1000137,10,1000028,0,'LBR')
;

-- Apr 1, 2014 10:17:26 AM BRT
ALTER TABLE LBR_DocLine_IPI ADD COLUMN LBR_DocLine_IPI_UU VARCHAR(36) DEFAULT NULL 
;

-- Apr 1, 2014 10:17:26 AM BRT
ALTER TABLE LBR_DocLine_IPI ADD CONSTRAINT LBR_DocLine_IPI_UU_idx UNIQUE (LBR_DocLine_IPI_UU)
;

-- Apr 1, 2014 10:18:00 AM BRT
INSERT INTO AD_Column (SeqNoSelection,IsSyncDatabase,Version,AD_Column_ID,IsMandatory,IsTranslated,IsIdentifier,SeqNo,IsParent,FieldLength,IsSelectionColumn,IsKey,IsAutocomplete,IsAllowLogging,AD_Column_UU,IsUpdateable,ColumnName,Description,Help,Name,IsAllowCopy,Updated,CreatedBy,IsActive,Created,UpdatedBy,IsToolbarButton,IsAlwaysUpdateable,AD_Client_ID,IsEncrypted,IsSecure,FKConstraintType,AD_Element_ID,AD_Reference_ID,AD_Table_ID,AD_Org_ID,EntityType) VALUES (0,'N',0,1000501,'N','N','N',0,'N',22,'N','N','N','Y','304843c8-92ae-4f90-aced-26866073631e','N','LBR_DocLine_Details_ID','Doc Line Details','The Doc Line Details is a unique identifier for a details line in an document (order, invoice, RMA, etc) line.','Doc Line Details','Y',TO_TIMESTAMP('2014-04-01 10:18:00','YYYY-MM-DD HH24:MI:SS'),0,'Y',TO_TIMESTAMP('2014-04-01 10:18:00','YYYY-MM-DD HH24:MI:SS'),0,'N','N',0,'N','N','N',1000094,19,1000028,0,'LBR')
;

-- Apr 1, 2014 10:18:06 AM BRT
UPDATE AD_Column SET FKConstraintName='LBRDocLineDetails_LBRDocLineIP', FKConstraintType='N',Updated=TO_TIMESTAMP('2014-04-01 10:18:06','YYYY-MM-DD HH24:MI:SS'),UpdatedBy=0 WHERE AD_Column_ID=1000501
;

-- Apr 1, 2014 10:18:06 AM BRT
ALTER TABLE LBR_DocLine_IPI ADD COLUMN LBR_DocLine_Details_ID NUMERIC(10) DEFAULT NULL 
;

-- Apr 1, 2014 10:18:06 AM BRT
ALTER TABLE LBR_DocLine_IPI ADD CONSTRAINT LBRDocLineDetails_LBRDocLineIP FOREIGN KEY (LBR_DocLine_Details_ID) REFERENCES lbr_docline_details(lbr_docline_details_id) DEFERRABLE INITIALLY DEFERRED
;

-- Apr 1, 2014 10:20:35 AM BRT
INSERT INTO AD_Element (ColumnName,AD_Element_ID,Name,Description,PrintName,AD_Element_UU,Created,Updated,AD_Org_ID,CreatedBy,UpdatedBy,IsActive,AD_Client_ID,EntityType) VALUES ('LBR_IPI_TaxStatus',1000138,'IPI Tax Status','Identifies a IPI Tax Status','IPI Tax Status','0cb444e8-b3bc-43b2-8d6d-a58bcfa9a9c4',TO_TIMESTAMP('2014-04-01 10:20:35','YYYY-MM-DD HH24:MI:SS'),TO_TIMESTAMP('2014-04-01 10:20:35','YYYY-MM-DD HH24:MI:SS'),0,0,0,'Y',0,'LBR')
;

-- Apr 1, 2014 10:21:30 AM BRT
INSERT INTO AD_Column (SeqNoSelection,IsSyncDatabase,Version,AD_Column_ID,IsMandatory,IsTranslated,IsIdentifier,SeqNo,IsParent,FieldLength,IsSelectionColumn,IsKey,IsAutocomplete,IsAllowLogging,AD_Column_UU,IsUpdateable,ColumnName,Description,Name,IsAllowCopy,Updated,CreatedBy,IsActive,Created,UpdatedBy,IsToolbarButton,IsAlwaysUpdateable,AD_Client_ID,IsEncrypted,IsSecure,FKConstraintType,AD_Element_ID,AD_Reference_ID,AD_Reference_Value_ID,AD_Table_ID,AD_Org_ID,EntityType) VALUES (0,'N',0,1000502,'N','N','N',0,'N',2,'N','N','N','Y','80823e19-ce4d-4fc3-8e51-3b33a62dd903','Y','LBR_IPI_TaxStatus','Identifies a IPI Tax Status','IPI Tax Status','Y',TO_TIMESTAMP('2014-04-01 10:21:30','YYYY-MM-DD HH24:MI:SS'),0,'Y',TO_TIMESTAMP('2014-04-01 10:21:30','YYYY-MM-DD HH24:MI:SS'),0,'N','N',0,'N','N','N',1000138,17,1000029,1000028,0,'LBR')
;

-- Apr 1, 2014 10:21:34 AM BRT
ALTER TABLE LBR_DocLine_IPI ADD COLUMN LBR_IPI_TaxStatus VARCHAR(2) DEFAULT NULL 
;

-- Apr 1, 2014 10:31:41 AM BRT
INSERT INTO AD_Element (ColumnName,AD_Element_ID,Name,Description,PrintName,AD_Element_UU,Created,Updated,AD_Org_ID,CreatedBy,UpdatedBy,IsActive,AD_Client_ID,EntityType) VALUES ('LBR_IPI_RegardingClass',1000139,'IPI Tax Regarding Class','Identifies the IPI Tax Regarding Class','IPI Tax Regarding Class','34463566-8c0c-444d-9a50-c5fa87cb1dd8',TO_TIMESTAMP('2014-04-01 10:31:41','YYYY-MM-DD HH24:MI:SS'),TO_TIMESTAMP('2014-04-01 10:31:41','YYYY-MM-DD HH24:MI:SS'),0,0,0,'Y',0,'LBR')
;

-- Apr 1, 2014 10:32:13 AM BRT
INSERT INTO AD_Column (SeqNoSelection,IsSyncDatabase,Version,AD_Column_ID,IsMandatory,IsTranslated,IsIdentifier,SeqNo,IsParent,FieldLength,IsSelectionColumn,IsKey,IsAutocomplete,IsAllowLogging,AD_Column_UU,IsUpdateable,ColumnName,Description,Name,IsAllowCopy,Updated,CreatedBy,IsActive,Created,UpdatedBy,IsToolbarButton,IsAlwaysUpdateable,AD_Client_ID,IsEncrypted,IsSecure,FKConstraintType,AD_Element_ID,AD_Reference_ID,AD_Table_ID,AD_Org_ID,EntityType) VALUES (0,'N',0,1000503,'N','N','N',0,'N',5,'N','N','N','Y','1b3c4559-93a5-48f3-8381-175adb450db8','Y','LBR_IPI_RegardingClass','Identifies the IPI Tax Regarding Class','IPI Tax Regarding Class','Y',TO_TIMESTAMP('2014-04-01 10:32:13','YYYY-MM-DD HH24:MI:SS'),0,'Y',TO_TIMESTAMP('2014-04-01 10:32:13','YYYY-MM-DD HH24:MI:SS'),0,'N','N',0,'N','N','N',1000139,10,1000028,0,'LBR')
;

-- Apr 1, 2014 10:32:17 AM BRT
ALTER TABLE LBR_DocLine_IPI ADD COLUMN LBR_IPI_RegardingClass VARCHAR(5) DEFAULT NULL 
;

-- Apr 1, 2014 10:32:52 AM BRT
INSERT INTO AD_Element (ColumnName,AD_Element_ID,Name,Description,PrintName,AD_Element_UU,Created,Updated,AD_Org_ID,CreatedBy,UpdatedBy,IsActive,AD_Client_ID,EntityType) VALUES ('LBR_IPI_RegardingCode',1000140,'IPI Tax Regarding Code','Identifies the IPI Tax Regarding Code','IPI Tax Regarding Code','75fe389f-854c-4457-86aa-166b61e02e8d',TO_TIMESTAMP('2014-04-01 10:32:52','YYYY-MM-DD HH24:MI:SS'),TO_TIMESTAMP('2014-04-01 10:32:52','YYYY-MM-DD HH24:MI:SS'),0,0,0,'Y',0,'LBR')
;

-- Apr 1, 2014 10:36:50 AM BRT
INSERT INTO AD_Column (SeqNoSelection,IsSyncDatabase,Version,AD_Column_ID,IsMandatory,IsTranslated,IsIdentifier,SeqNo,IsParent,FieldLength,IsSelectionColumn,IsKey,IsAutocomplete,IsAllowLogging,AD_Column_UU,IsUpdateable,ColumnName,Description,Name,IsAllowCopy,Updated,CreatedBy,IsActive,Created,UpdatedBy,IsToolbarButton,IsAlwaysUpdateable,AD_Client_ID,IsEncrypted,IsSecure,FKConstraintType,AD_Element_ID,AD_Reference_ID,AD_Table_ID,AD_Org_ID,EntityType) VALUES (0,'N',0,1000504,'N','N','N',0,'N',3,'N','N','N','Y','e71d052d-1d5b-4293-8b37-6e1801b0bcf9','Y','LBR_IPI_RegardingCode','Identifies the IPI Tax Regarding Code','IPI Tax Regarding Code','Y',TO_TIMESTAMP('2014-04-01 10:36:50','YYYY-MM-DD HH24:MI:SS'),0,'Y',TO_TIMESTAMP('2014-04-01 10:36:50','YYYY-MM-DD HH24:MI:SS'),0,'N','N',0,'N','N','N',1000140,11,1000028,0,'LBR')
;

-- Apr 1, 2014 10:36:54 AM BRT
ALTER TABLE LBR_DocLine_IPI ADD COLUMN LBR_IPI_RegardingCode NUMERIC(10) DEFAULT NULL 
;

-- Apr 1, 2014 10:37:26 AM BRT
INSERT INTO AD_Column (SeqNoSelection,IsSyncDatabase,Version,AD_Column_ID,IsMandatory,IsTranslated,IsIdentifier,SeqNo,IsParent,FieldLength,IsSelectionColumn,IsKey,ReadOnlyLogic,IsAutocomplete,IsAllowLogging,AD_Column_UU,IsUpdateable,ColumnName,Description,Help,Name,IsAllowCopy,Updated,CreatedBy,IsActive,Created,UpdatedBy,IsToolbarButton,IsAlwaysUpdateable,AD_Client_ID,IsEncrypted,IsSecure,FKConstraintType,AD_Element_ID,AD_Reference_ID,AD_Table_ID,AD_Org_ID,EntityType) VALUES (0,'N',0,1000505,'N','N','N',0,'N',14,'N','N','@LBR_BPTypeBRIsValid=''Y''','N','Y','c50db487-68aa-4d91-b53c-17e3d0aa9624','Y','LBR_CNPJ','Used to identify Legal Entities in Brazil','Used to identify Legal Entities in Brazil','CNPJ','Y',TO_TIMESTAMP('2014-04-01 10:37:26','YYYY-MM-DD HH24:MI:SS'),0,'Y',TO_TIMESTAMP('2014-04-01 10:37:26','YYYY-MM-DD HH24:MI:SS'),0,'N','N',0,'N','N','N',1000004,10,1000028,0,'LBR')
;

-- Apr 1, 2014 10:37:30 AM BRT
ALTER TABLE LBR_DocLine_IPI ADD COLUMN LBR_CNPJ VARCHAR(14) DEFAULT NULL 
;

-- Apr 1, 2014 10:38:24 AM BRT
INSERT INTO AD_Element (ColumnName,AD_Element_ID,Name,Description,PrintName,AD_Element_UU,Created,Updated,AD_Org_ID,CreatedBy,UpdatedBy,IsActive,AD_Client_ID,EntityType) VALUES ('LBR_IPI_SealCode',1000141,'IPI Tax Seal Code','Identifies the IPI Tax Seal Code','IPI Tax Seal Code','2992fecb-5742-4109-b4b4-bc30ad337e19',TO_TIMESTAMP('2014-04-01 10:38:24','YYYY-MM-DD HH24:MI:SS'),TO_TIMESTAMP('2014-04-01 10:38:24','YYYY-MM-DD HH24:MI:SS'),0,0,0,'Y',0,'LBR')
;

-- Apr 1, 2014 10:38:44 AM BRT
INSERT INTO AD_Column (SeqNoSelection,IsSyncDatabase,Version,AD_Column_ID,IsMandatory,IsTranslated,IsIdentifier,SeqNo,IsParent,FieldLength,IsSelectionColumn,IsKey,IsAutocomplete,IsAllowLogging,AD_Column_UU,IsUpdateable,ColumnName,Description,Name,IsAllowCopy,Updated,CreatedBy,IsActive,Created,UpdatedBy,IsToolbarButton,IsAlwaysUpdateable,AD_Client_ID,IsEncrypted,IsSecure,FKConstraintType,AD_Element_ID,AD_Reference_ID,AD_Table_ID,AD_Org_ID,EntityType) VALUES (0,'N',0,1000506,'N','N','N',0,'N',60,'N','N','N','Y','abfeef76-75f1-495e-a744-379c721fed72','Y','LBR_IPI_SealCode','Identifies the IPI Tax Seal Code','IPI Tax Seal Code','Y',TO_TIMESTAMP('2014-04-01 10:38:44','YYYY-MM-DD HH24:MI:SS'),0,'Y',TO_TIMESTAMP('2014-04-01 10:38:44','YYYY-MM-DD HH24:MI:SS'),0,'N','N',0,'N','N','N',1000141,10,1000028,0,'LBR')
;

-- Apr 1, 2014 10:38:48 AM BRT
ALTER TABLE LBR_DocLine_IPI ADD COLUMN LBR_IPI_SealCode VARCHAR(60) DEFAULT NULL 
;

-- Apr 1, 2014 10:40:09 AM BRT
INSERT INTO AD_Element (ColumnName,AD_Element_ID,Name,Description,PrintName,AD_Element_UU,Created,Updated,AD_Org_ID,CreatedBy,UpdatedBy,IsActive,AD_Client_ID,EntityType) VALUES ('LBR_IPI_SealQty',1000142,'IPI Tax Seal Qty','Identifies the IPI Tax Seal Qty','IPI Tax Seal Qty','cb203ac7-739b-4a8f-970d-cebe290e67a3',TO_TIMESTAMP('2014-04-01 10:40:09','YYYY-MM-DD HH24:MI:SS'),TO_TIMESTAMP('2014-04-01 10:40:09','YYYY-MM-DD HH24:MI:SS'),0,0,0,'Y',0,'LBR')
;

-- Apr 1, 2014 10:40:32 AM BRT
INSERT INTO AD_Column (SeqNoSelection,IsSyncDatabase,Version,AD_Column_ID,IsMandatory,IsTranslated,IsIdentifier,SeqNo,IsParent,FieldLength,IsSelectionColumn,IsKey,IsAutocomplete,IsAllowLogging,AD_Column_UU,IsUpdateable,ColumnName,Description,Name,IsAllowCopy,Updated,CreatedBy,IsActive,Created,UpdatedBy,IsToolbarButton,IsAlwaysUpdateable,AD_Client_ID,IsEncrypted,IsSecure,FKConstraintType,AD_Element_ID,AD_Reference_ID,AD_Table_ID,AD_Org_ID,EntityType) VALUES (0,'N',0,1000507,'N','N','N',0,'N',12,'N','N','N','Y','cb4157b0-1d43-458b-af97-022db2ec8da3','Y','LBR_IPI_SealQty','Identifies the IPI Tax Seal Qty','IPI Tax Seal Qty','Y',TO_TIMESTAMP('2014-04-01 10:40:32','YYYY-MM-DD HH24:MI:SS'),0,'Y',TO_TIMESTAMP('2014-04-01 10:40:32','YYYY-MM-DD HH24:MI:SS'),0,'N','N',0,'N','N','N',1000142,11,1000028,0,'LBR')
;

-- Apr 1, 2014 10:40:37 AM BRT
ALTER TABLE LBR_DocLine_IPI ADD COLUMN LBR_IPI_SealQty NUMERIC(10) DEFAULT NULL 
;

-- Apr 1, 2014 10:41:33 AM BRT
INSERT INTO AD_Column (SeqNoSelection,IsSyncDatabase,Version,AD_Column_ID,IsMandatory,IsTranslated,IsIdentifier,SeqNo,IsParent,FieldLength,IsSelectionColumn,IsKey,IsAutocomplete,IsAllowLogging,AD_Column_UU,IsUpdateable,ColumnName,DefaultValue,Name,IsAllowCopy,Updated,CreatedBy,IsActive,Created,UpdatedBy,IsToolbarButton,IsAlwaysUpdateable,AD_Client_ID,IsEncrypted,IsSecure,AD_Element_ID,AD_Reference_ID,AD_Reference_Value_ID,AD_Table_ID,AD_Org_ID,EntityType) VALUES (0,'N',0,1000508,'N','N','N',0,'N',3,'N','N','N','Y','cde033d1-d1bc-4b10-bf08-a429cd230794','Y','CalculationType',NULL,'Calculation','Y',TO_TIMESTAMP('2014-04-01 10:41:33','YYYY-MM-DD HH24:MI:SS'),0,'Y',TO_TIMESTAMP('2014-04-01 10:41:33','YYYY-MM-DD HH24:MI:SS'),0,'N','N',0,'N','N',1605,17,1000030,1000028,0,'LBR')
;

-- Apr 1, 2014 10:41:37 AM BRT
ALTER TABLE LBR_DocLine_IPI ADD COLUMN CalculationType VARCHAR(3) DEFAULT NULL 
;

-- Apr 1, 2014 10:42:02 AM BRT
INSERT INTO AD_Column (SeqNoSelection,IsSyncDatabase,Version,AD_Column_ID,IsMandatory,IsTranslated,IsIdentifier,SeqNo,IsParent,FieldLength,IsSelectionColumn,IsKey,IsAutocomplete,IsAllowLogging,AD_Column_UU,IsUpdateable,ColumnName,Description,Name,IsAllowCopy,Updated,CreatedBy,IsActive,Created,UpdatedBy,IsToolbarButton,IsAlwaysUpdateable,AD_Client_ID,IsEncrypted,IsSecure,FKConstraintType,AD_Element_ID,AD_Reference_ID,AD_Table_ID,AD_Org_ID,EntityType) VALUES (0,'N',0,1000509,'N','N','N',0,'N',10,'N','N','N','Y','f4e9ac58-a0f7-4c0e-a003-a25758276fb5','Y','LBR_TaxBaseAmt','Defines the Tax Base Amount','Tax Base Amount','Y',TO_TIMESTAMP('2014-04-01 10:42:02','YYYY-MM-DD HH24:MI:SS'),0,'Y',TO_TIMESTAMP('2014-04-01 10:42:02','YYYY-MM-DD HH24:MI:SS'),0,'N','N',0,'N','N','N',1000058,12,1000028,0,'LBR')
;

-- Apr 1, 2014 10:42:06 AM BRT
ALTER TABLE LBR_DocLine_IPI ADD COLUMN LBR_TaxBaseAmt NUMERIC DEFAULT NULL 
;

-- Apr 1, 2014 10:43:04 AM BRT
INSERT INTO AD_Column (SeqNoSelection,IsSyncDatabase,Version,AD_Column_ID,IsMandatory,IsTranslated,IsIdentifier,SeqNo,IsParent,FieldLength,IsSelectionColumn,IsKey,IsAutocomplete,IsAllowLogging,AD_Column_UU,IsUpdateable,ColumnName,Description,Name,IsAllowCopy,Updated,CreatedBy,IsActive,Created,UpdatedBy,IsToolbarButton,IsAlwaysUpdateable,AD_Client_ID,IsEncrypted,IsSecure,FKConstraintType,AD_Element_ID,AD_Reference_ID,AD_Table_ID,AD_Org_ID,EntityType) VALUES (0,'N',0,1000510,'N','N','N',0,'N',10,'N','N','N','Y','bb7b96f3-86e1-4bf8-87fe-f43ecdba76e6','Y','LBR_TaxRate','Indicates the Tax Rate','Tax Rate','Y',TO_TIMESTAMP('2014-04-01 10:43:04','YYYY-MM-DD HH24:MI:SS'),0,'Y',TO_TIMESTAMP('2014-04-01 10:43:04','YYYY-MM-DD HH24:MI:SS'),0,'N','N',0,'N','N','N',1000062,12,1000028,0,'LBR')
;

-- Apr 1, 2014 10:43:10 AM BRT
ALTER TABLE LBR_DocLine_IPI ADD COLUMN LBR_TaxRate NUMERIC DEFAULT NULL 
;

-- Apr 1, 2014 10:43:40 AM BRT
INSERT INTO AD_Column (SeqNoSelection,IsSyncDatabase,Version,AD_Column_ID,IsMandatory,IsTranslated,IsIdentifier,SeqNo,IsParent,FieldLength,IsSelectionColumn,IsKey,IsAutocomplete,IsAllowLogging,AD_Column_UU,IsUpdateable,ColumnName,Description,Name,IsAllowCopy,Updated,CreatedBy,IsActive,Created,UpdatedBy,IsToolbarButton,IsAlwaysUpdateable,AD_Client_ID,IsEncrypted,IsSecure,AD_Element_ID,AD_Reference_ID,AD_Table_ID,AD_Org_ID,EntityType) VALUES (0,'N',0,1000511,'N','N','N',0,'N',22,'N','N','N','Y','f2a0ad33-77ee-4cc0-8f34-0c92636a97a5','Y','TotalQty','Total Quantity','Total Quantity','Y',TO_TIMESTAMP('2014-04-01 10:43:40','YYYY-MM-DD HH24:MI:SS'),0,'Y',TO_TIMESTAMP('2014-04-01 10:43:40','YYYY-MM-DD HH24:MI:SS'),0,'N','N',0,'N','N',2487,29,1000028,0,'LBR')
;

-- Apr 1, 2014 10:43:45 AM BRT
ALTER TABLE LBR_DocLine_IPI ADD COLUMN TotalQty NUMERIC DEFAULT NULL 
;

-- Apr 1, 2014 10:44:52 AM BRT
INSERT INTO AD_Column (SeqNoSelection,IsSyncDatabase,Version,AD_Column_ID,IsMandatory,IsTranslated,IsIdentifier,SeqNo,IsParent,FieldLength,IsSelectionColumn,IsKey,IsAutocomplete,IsAllowLogging,AD_Column_UU,IsUpdateable,ColumnName,Description,Help,Name,IsAllowCopy,Updated,CreatedBy,IsActive,Created,UpdatedBy,IsToolbarButton,IsAlwaysUpdateable,AD_Client_ID,IsEncrypted,IsSecure,AD_Element_ID,AD_Reference_ID,AD_Table_ID,AD_Org_ID,EntityType) VALUES (0,'N',0,1000512,'N','N','N',0,'N',22,'N','N','N','Y','a3175a3c-8cf2-4081-850c-bfc7f967c8e7','Y','PriceActual','Actual Price ','The Actual or Unit Price indicates the Price for a product in source currency.','Unit Price','Y',TO_TIMESTAMP('2014-04-01 10:44:52','YYYY-MM-DD HH24:MI:SS'),0,'Y',TO_TIMESTAMP('2014-04-01 10:44:52','YYYY-MM-DD HH24:MI:SS'),0,'N','N',0,'N','N',519,37,1000028,0,'LBR')
;

-- Apr 1, 2014 10:44:57 AM BRT
ALTER TABLE LBR_DocLine_IPI ADD COLUMN PriceActual NUMERIC DEFAULT NULL 
;

-- Apr 1, 2014 10:45:27 AM BRT
INSERT INTO AD_Column (SeqNoSelection,IsSyncDatabase,Version,AD_Column_ID,IsMandatory,IsTranslated,IsIdentifier,SeqNo,IsParent,FieldLength,IsSelectionColumn,IsKey,IsAutocomplete,IsAllowLogging,AD_Column_UU,IsUpdateable,ColumnName,Description,Name,IsAllowCopy,Updated,CreatedBy,IsActive,Created,UpdatedBy,IsToolbarButton,IsAlwaysUpdateable,AD_Client_ID,IsEncrypted,IsSecure,FKConstraintType,AD_Element_ID,AD_Reference_ID,AD_Table_ID,AD_Org_ID,EntityType) VALUES (0,'N',0,1000513,'N','N','N',0,'N',10,'N','N','N','Y','d8b5901d-85c0-4673-95d8-8a7801f8caaf','Y','LBR_TaxAmt','Defines the Tax Amount','Tax Amount','Y',TO_TIMESTAMP('2014-04-01 10:45:27','YYYY-MM-DD HH24:MI:SS'),0,'Y',TO_TIMESTAMP('2014-04-01 10:45:27','YYYY-MM-DD HH24:MI:SS'),0,'N','N',0,'N','N','N',1000056,12,1000028,0,'LBR')
;

-- Apr 1, 2014 10:45:31 AM BRT
ALTER TABLE LBR_DocLine_IPI ADD COLUMN LBR_TaxAmt NUMERIC DEFAULT NULL 
;

-- Apr 1, 2014 10:49:31 AM BRT
INSERT INTO AD_Tab (ImportFields,Processing,IsSingleRow,AD_Window_ID,SeqNo,Help,IsTranslationTab,IsSortTab,HasTree,IsInfoTab,IsReadOnly,IsInsertRecord,IsAdvancedTab,TabLevel,AD_Tab_UU,EntityType,Name,Description,AD_Tab_ID,ReadOnlyLogic,AD_Org_ID,Created,CreatedBy,Updated,UpdatedBy,IsActive,AD_Client_ID,AD_Column_ID,AD_Table_ID,TreeDisplayedOn) VALUES ('N','N','Y',143,50,'The IPI Tab defines amounts for IPI Tax','N','N','N','N','N','N','N',0,'1d0d6248-5a91-4f89-ad38-f8ceef703305','LBR','IPI','IPI',1000028,'@Processed@=Y',0,TO_TIMESTAMP('2014-04-01 10:49:31','YYYY-MM-DD HH24:MI:SS'),0,TO_TIMESTAMP('2014-04-01 10:49:31','YYYY-MM-DD HH24:MI:SS'),0,'Y',0,1000501,1000028,'B')
;

-- Apr 1, 2014 10:49:41 AM BRT
INSERT INTO AD_Field (IsEncrypted,AD_Tab_ID,DisplayLength,IsSameLine,IsHeading,SeqNo,IsCentrallyMaintained,AD_Field_ID,IsReadOnly,Help,EntityType,Description,Name,AD_Field_UU,IsFieldOnly,IsDisplayed,UpdatedBy,AD_Org_ID,Created,CreatedBy,Updated,IsActive,IsDisplayedGrid,AD_Client_ID,ColumnSpan,AD_Column_ID) VALUES ('N',1000028,22,'N','N',10,'Y',1000383,'N','A Client is a company or a legal entity. You cannot share data between Clients. Tenant is a synonym for Client.','LBR','Client/Tenant for this installation.','Client','6887c9e4-c134-43e0-94b6-3fdbcefbe4c1','N','Y',0,0,TO_TIMESTAMP('2014-04-01 10:49:41','YYYY-MM-DD HH24:MI:SS'),0,TO_TIMESTAMP('2014-04-01 10:49:41','YYYY-MM-DD HH24:MI:SS'),'Y','N',0,2,1000492)
;

-- Apr 1, 2014 10:49:41 AM BRT
INSERT INTO AD_Field (IsEncrypted,AD_Tab_ID,DisplayLength,IsSameLine,IsHeading,SeqNo,IsCentrallyMaintained,AD_Field_ID,IsReadOnly,Help,EntityType,Description,Name,AD_Field_UU,IsFieldOnly,IsDisplayed,IsAllowCopy,UpdatedBy,AD_Org_ID,Created,CreatedBy,Updated,IsActive,XPosition,AD_Client_ID,ColumnSpan,AD_Column_ID) VALUES ('N',1000028,22,'N','N',20,'Y',1000384,'N','An organization is a unit of your client or legal entity - examples are store, department. You can share data between organizations.','LBR','Organizational entity within client','Organization','cb6d5af0-1a7a-4650-8453-4958e59ea5be','N','Y','Y',0,0,TO_TIMESTAMP('2014-04-01 10:49:41','YYYY-MM-DD HH24:MI:SS'),0,TO_TIMESTAMP('2014-04-01 10:49:41','YYYY-MM-DD HH24:MI:SS'),'Y',4,0,2,1000493)
;

-- Apr 1, 2014 10:49:41 AM BRT
INSERT INTO AD_Field (IsEncrypted,AD_Tab_ID,DisplayLength,IsSameLine,IsHeading,SeqNo,IsCentrallyMaintained,AD_Field_ID,IsReadOnly,Help,EntityType,Description,Name,AD_Field_UU,IsFieldOnly,IsDisplayed,UpdatedBy,AD_Org_ID,Created,CreatedBy,Updated,IsActive,IsDisplayedGrid,AD_Client_ID,ColumnSpan,AD_Column_ID) VALUES ('N',1000028,22,'N','N',30,'Y',1000385,'N','The Doc Line IPI is a unique identifier for a doc line details.','LBR','Doc Line IPI','Doc Line IPI','2b942f90-c754-488e-a2d3-23e2b37fd478','N','N',0,0,TO_TIMESTAMP('2014-04-01 10:49:41','YYYY-MM-DD HH24:MI:SS'),0,TO_TIMESTAMP('2014-04-01 10:49:41','YYYY-MM-DD HH24:MI:SS'),'Y','N',0,2,1000499)
;

-- Apr 1, 2014 10:49:41 AM BRT
INSERT INTO AD_Field (IsEncrypted,AD_Tab_ID,DisplayLength,IsSameLine,IsHeading,SeqNo,IsCentrallyMaintained,AD_Field_ID,IsReadOnly,Help,EntityType,Description,Name,AD_Field_UU,IsFieldOnly,IsDisplayed,UpdatedBy,AD_Org_ID,Created,CreatedBy,Updated,IsActive,AD_Client_ID,ColumnSpan,AD_Column_ID) VALUES ('N',1000028,36,'N','N',40,'Y',1000386,'N','The Doc Line IPI is a unique identifier for a doc line details.','LBR','Doc Line IPI','Doc Line IPI','3eb13066-096f-46c6-9fd0-822b54a34a28','N','Y',0,0,TO_TIMESTAMP('2014-04-01 10:49:41','YYYY-MM-DD HH24:MI:SS'),0,TO_TIMESTAMP('2014-04-01 10:49:41','YYYY-MM-DD HH24:MI:SS'),'Y',0,2,1000500)
;

-- Apr 1, 2014 10:49:41 AM BRT
INSERT INTO AD_Field (IsEncrypted,AD_Tab_ID,DisplayLength,IsSameLine,IsHeading,SeqNo,IsCentrallyMaintained,AD_Field_ID,IsReadOnly,Help,EntityType,Description,Name,AD_Field_UU,IsFieldOnly,IsDisplayed,UpdatedBy,AD_Org_ID,Created,CreatedBy,Updated,IsActive,AD_Client_ID,ColumnSpan,AD_Column_ID) VALUES ('N',1000028,22,'N','N',50,'Y',1000387,'N','The Doc Line Details is a unique identifier for a details line in an document (order, invoice, RMA, etc) line.','LBR','Doc Line Details','Doc Line Details','ee1ac008-68ae-4a73-81de-5a4ddca7068c','N','Y',0,0,TO_TIMESTAMP('2014-04-01 10:49:41','YYYY-MM-DD HH24:MI:SS'),0,TO_TIMESTAMP('2014-04-01 10:49:41','YYYY-MM-DD HH24:MI:SS'),'Y',0,2,1000501)
;

-- Apr 1, 2014 10:49:41 AM BRT
INSERT INTO AD_Field (IsEncrypted,AD_Tab_ID,DisplayLength,IsSameLine,IsHeading,SeqNo,IsCentrallyMaintained,AD_Field_ID,IsReadOnly,EntityType,Description,Name,AD_Field_UU,IsFieldOnly,IsDisplayed,UpdatedBy,AD_Org_ID,Created,CreatedBy,Updated,IsActive,AD_Client_ID,ColumnSpan,AD_Column_ID) VALUES ('N',1000028,2,'N','N',60,'Y',1000388,'N','LBR','Identifies a IPI Tax Status','IPI Tax Status','9f3e3866-0f47-4671-af32-8280edde82a1','N','Y',0,0,TO_TIMESTAMP('2014-04-01 10:49:41','YYYY-MM-DD HH24:MI:SS'),0,TO_TIMESTAMP('2014-04-01 10:49:41','YYYY-MM-DD HH24:MI:SS'),'Y',0,2,1000502)
;

-- Apr 1, 2014 10:49:41 AM BRT
INSERT INTO AD_Field (IsEncrypted,AD_Tab_ID,DisplayLength,IsSameLine,IsHeading,SeqNo,IsCentrallyMaintained,AD_Field_ID,IsReadOnly,EntityType,Description,Name,AD_Field_UU,IsFieldOnly,IsDisplayed,UpdatedBy,AD_Org_ID,Created,CreatedBy,Updated,IsActive,AD_Client_ID,ColumnSpan,AD_Column_ID) VALUES ('N',1000028,5,'N','N',70,'Y',1000389,'N','LBR','Identifies the IPI Tax Regarding Class','IPI Tax Regarding Class','f32ca244-806e-441d-9a8f-c3eb5dd22afe','N','Y',0,0,TO_TIMESTAMP('2014-04-01 10:49:41','YYYY-MM-DD HH24:MI:SS'),0,TO_TIMESTAMP('2014-04-01 10:49:41','YYYY-MM-DD HH24:MI:SS'),'Y',0,2,1000503)
;

-- Apr 1, 2014 10:49:41 AM BRT
INSERT INTO AD_Field (IsEncrypted,AD_Tab_ID,DisplayLength,IsSameLine,IsHeading,SeqNo,IsCentrallyMaintained,AD_Field_ID,IsReadOnly,EntityType,Description,Name,AD_Field_UU,IsFieldOnly,IsDisplayed,UpdatedBy,AD_Org_ID,Created,CreatedBy,Updated,IsActive,AD_Client_ID,ColumnSpan,AD_Column_ID) VALUES ('N',1000028,3,'N','N',80,'Y',1000390,'N','LBR','Identifies the IPI Tax Regarding Code','IPI Tax Regarding Code','07778aa3-1522-44ce-94a8-737575860326','N','Y',0,0,TO_TIMESTAMP('2014-04-01 10:49:41','YYYY-MM-DD HH24:MI:SS'),0,TO_TIMESTAMP('2014-04-01 10:49:41','YYYY-MM-DD HH24:MI:SS'),'Y',0,2,1000504)
;

-- Apr 1, 2014 10:49:41 AM BRT
INSERT INTO AD_Field (IsEncrypted,AD_Tab_ID,DisplayLength,IsSameLine,IsHeading,SeqNo,IsCentrallyMaintained,AD_Field_ID,IsReadOnly,Help,EntityType,Description,Name,AD_Field_UU,IsFieldOnly,IsDisplayed,UpdatedBy,AD_Org_ID,Created,CreatedBy,Updated,IsActive,AD_Client_ID,ColumnSpan,AD_Column_ID) VALUES ('N',1000028,14,'N','N',90,'Y',1000391,'N','Used to identify Legal Entities in Brazil','LBR','Used to identify Legal Entities in Brazil','CNPJ','0966e940-6418-4ff3-bebc-7f1bf4c4bc0f','N','Y',0,0,TO_TIMESTAMP('2014-04-01 10:49:41','YYYY-MM-DD HH24:MI:SS'),0,TO_TIMESTAMP('2014-04-01 10:49:41','YYYY-MM-DD HH24:MI:SS'),'Y',0,2,1000505)
;

-- Apr 1, 2014 10:49:42 AM BRT
INSERT INTO AD_Field (IsEncrypted,AD_Tab_ID,DisplayLength,IsSameLine,IsHeading,SeqNo,IsCentrallyMaintained,AD_Field_ID,IsReadOnly,EntityType,Description,Name,AD_Field_UU,IsFieldOnly,IsDisplayed,UpdatedBy,AD_Org_ID,Created,CreatedBy,Updated,IsActive,AD_Client_ID,ColumnSpan,AD_Column_ID) VALUES ('N',1000028,60,'N','N',100,'Y',1000392,'N','LBR','Identifies the IPI Tax Seal Code','IPI Tax Seal Code','3f96cf23-f4cc-440d-b92c-364cb763ac8d','N','Y',0,0,TO_TIMESTAMP('2014-04-01 10:49:42','YYYY-MM-DD HH24:MI:SS'),0,TO_TIMESTAMP('2014-04-01 10:49:42','YYYY-MM-DD HH24:MI:SS'),'Y',0,5,1000506)
;

-- Apr 1, 2014 10:49:42 AM BRT
INSERT INTO AD_Field (IsEncrypted,AD_Tab_ID,DisplayLength,IsSameLine,IsHeading,SeqNo,IsCentrallyMaintained,AD_Field_ID,IsReadOnly,EntityType,Description,Name,AD_Field_UU,IsFieldOnly,IsDisplayed,UpdatedBy,AD_Org_ID,Created,CreatedBy,Updated,IsActive,AD_Client_ID,ColumnSpan,AD_Column_ID) VALUES ('N',1000028,12,'N','N',110,'Y',1000393,'N','LBR','Identifies the IPI Tax Seal Qty','IPI Tax Seal Qty','eea10435-0fbf-4d0b-8294-a92ef3d7e0c8','N','Y',0,0,TO_TIMESTAMP('2014-04-01 10:49:42','YYYY-MM-DD HH24:MI:SS'),0,TO_TIMESTAMP('2014-04-01 10:49:42','YYYY-MM-DD HH24:MI:SS'),'Y',0,2,1000507)
;

-- Apr 1, 2014 10:49:42 AM BRT
INSERT INTO AD_Field (IsEncrypted,AD_Tab_ID,DisplayLength,IsSameLine,IsHeading,SeqNo,IsCentrallyMaintained,AD_Field_ID,IsReadOnly,EntityType,Name,AD_Field_UU,IsFieldOnly,IsDisplayed,UpdatedBy,AD_Org_ID,Created,CreatedBy,Updated,IsActive,AD_Client_ID,ColumnSpan,AD_Column_ID) VALUES ('N',1000028,3,'N','N',120,'Y',1000394,'N','LBR','Calculation','1db2bf5d-90e4-402f-bb45-7303a8d67978','N','Y',0,0,TO_TIMESTAMP('2014-04-01 10:49:42','YYYY-MM-DD HH24:MI:SS'),0,TO_TIMESTAMP('2014-04-01 10:49:42','YYYY-MM-DD HH24:MI:SS'),'Y',0,2,1000508)
;

-- Apr 1, 2014 10:49:42 AM BRT
INSERT INTO AD_Field (IsEncrypted,AD_Tab_ID,DisplayLength,IsSameLine,IsHeading,SeqNo,IsCentrallyMaintained,AD_Field_ID,IsReadOnly,EntityType,Description,Name,AD_Field_UU,IsFieldOnly,IsDisplayed,UpdatedBy,AD_Org_ID,Created,CreatedBy,Updated,IsActive,AD_Client_ID,ColumnSpan,AD_Column_ID) VALUES ('N',1000028,10,'N','N',130,'Y',1000395,'N','LBR','Defines the Tax Base Amount','Tax Base Amount','a41209b9-a297-4e4e-994d-82c3aedf594c','N','Y',0,0,TO_TIMESTAMP('2014-04-01 10:49:42','YYYY-MM-DD HH24:MI:SS'),0,TO_TIMESTAMP('2014-04-01 10:49:42','YYYY-MM-DD HH24:MI:SS'),'Y',0,2,1000509)
;

-- Apr 1, 2014 10:49:42 AM BRT
INSERT INTO AD_Field (IsEncrypted,AD_Tab_ID,DisplayLength,IsSameLine,IsHeading,SeqNo,IsCentrallyMaintained,AD_Field_ID,IsReadOnly,EntityType,Description,Name,AD_Field_UU,IsFieldOnly,IsDisplayed,UpdatedBy,AD_Org_ID,Created,CreatedBy,Updated,IsActive,AD_Client_ID,ColumnSpan,AD_Column_ID) VALUES ('N',1000028,10,'N','N',140,'Y',1000396,'N','LBR','Indicates the Tax Rate','Tax Rate','5362ee6c-58d8-4fb0-8fe6-7e67ba487e8d','N','Y',0,0,TO_TIMESTAMP('2014-04-01 10:49:42','YYYY-MM-DD HH24:MI:SS'),0,TO_TIMESTAMP('2014-04-01 10:49:42','YYYY-MM-DD HH24:MI:SS'),'Y',0,2,1000510)
;

-- Apr 1, 2014 10:49:42 AM BRT
INSERT INTO AD_Field (IsEncrypted,AD_Tab_ID,DisplayLength,IsSameLine,IsHeading,SeqNo,IsCentrallyMaintained,AD_Field_ID,IsReadOnly,EntityType,Description,Name,AD_Field_UU,IsFieldOnly,IsDisplayed,UpdatedBy,AD_Org_ID,Created,CreatedBy,Updated,IsActive,AD_Client_ID,ColumnSpan,AD_Column_ID) VALUES ('N',1000028,22,'N','N',150,'Y',1000397,'N','LBR','Total Quantity','Total Quantity','39be3b62-5f06-4bb8-92d7-1a86bd7cf1a0','N','Y',0,0,TO_TIMESTAMP('2014-04-01 10:49:42','YYYY-MM-DD HH24:MI:SS'),0,TO_TIMESTAMP('2014-04-01 10:49:42','YYYY-MM-DD HH24:MI:SS'),'Y',0,2,1000511)
;

-- Apr 1, 2014 10:49:42 AM BRT
INSERT INTO AD_Field (IsEncrypted,AD_Tab_ID,DisplayLength,IsSameLine,IsHeading,SeqNo,IsCentrallyMaintained,AD_Field_ID,IsReadOnly,Help,EntityType,Description,Name,AD_Field_UU,IsFieldOnly,IsDisplayed,UpdatedBy,AD_Org_ID,Created,CreatedBy,Updated,IsActive,AD_Client_ID,ColumnSpan,AD_Column_ID) VALUES ('N',1000028,22,'N','N',160,'Y',1000398,'N','The Actual or Unit Price indicates the Price for a product in source currency.','LBR','Actual Price ','Unit Price','ff20ccbe-0416-4cce-bff0-c550ca3c2d18','N','Y',0,0,TO_TIMESTAMP('2014-04-01 10:49:42','YYYY-MM-DD HH24:MI:SS'),0,TO_TIMESTAMP('2014-04-01 10:49:42','YYYY-MM-DD HH24:MI:SS'),'Y',0,2,1000512)
;

-- Apr 1, 2014 10:49:42 AM BRT
INSERT INTO AD_Field (IsEncrypted,AD_Tab_ID,DisplayLength,IsSameLine,IsHeading,SeqNo,IsCentrallyMaintained,AD_Field_ID,IsReadOnly,EntityType,Description,Name,AD_Field_UU,IsFieldOnly,IsDisplayed,UpdatedBy,AD_Org_ID,Created,CreatedBy,Updated,IsActive,AD_Client_ID,ColumnSpan,AD_Column_ID) VALUES ('N',1000028,10,'N','N',170,'Y',1000399,'N','LBR','Defines the Tax Amount','Tax Amount','3a4cd3be-0269-4af0-8cf1-ec4d2435e219','N','Y',0,0,TO_TIMESTAMP('2014-04-01 10:49:42','YYYY-MM-DD HH24:MI:SS'),0,TO_TIMESTAMP('2014-04-01 10:49:42','YYYY-MM-DD HH24:MI:SS'),'Y',0,2,1000513)
;

-- Apr 1, 2014 10:49:42 AM BRT
INSERT INTO AD_Field (IsEncrypted,AD_Tab_ID,DisplayLength,IsSameLine,IsHeading,SeqNo,IsCentrallyMaintained,AD_Field_ID,IsReadOnly,Help,EntityType,Description,Name,AD_Field_UU,IsFieldOnly,IsDisplayed,UpdatedBy,AD_Org_ID,Created,CreatedBy,Updated,IsActive,XPosition,AD_Client_ID,ColumnSpan,AD_Column_ID) VALUES ('N',1000028,1,'N','N',180,'Y',1000400,'N','There are two methods of making records unavailable in the system: One is to delete the record, the other is to de-activate the record. A de-activated record is not available for selection, but available for reports.
There are two reasons for de-activating and not deleting records:
(1) The system requires the record for audit purposes.
(2) The record is referenced by other records. E.g., you cannot delete a Business Partner, if there are invoices for this partner record existing. You de-activate the Business Partner and prevent that this record is used for future entries.','LBR','The record is active in the system','Active','b7440279-eddf-4d8c-b747-6913cb776b23','N','Y',0,0,TO_TIMESTAMP('2014-04-01 10:49:42','YYYY-MM-DD HH24:MI:SS'),0,TO_TIMESTAMP('2014-04-01 10:49:42','YYYY-MM-DD HH24:MI:SS'),'Y',2,0,2,1000498)
;

-- Apr 1, 2014 10:50:34 AM BRT
UPDATE AD_Field SET SeqNo=0,IsDisplayed='N' WHERE AD_Field_ID=1000400
;

-- Apr 1, 2014 10:50:34 AM BRT
UPDATE AD_Field SET SeqNo=0,IsDisplayed='N' WHERE AD_Field_ID=1000387
;

-- Apr 1, 2014 10:50:34 AM BRT
UPDATE AD_Field SET SeqNo=0,IsDisplayed='N' WHERE AD_Field_ID=1000386
;

-- Apr 1, 2014 10:50:34 AM BRT
UPDATE AD_Field SET SeqNo=0,IsDisplayed='N' WHERE AD_Field_ID=1000385
;

-- Apr 1, 2014 10:50:34 AM BRT
UPDATE AD_Field SET SeqNo=30,IsDisplayed='Y' WHERE AD_Field_ID=1000388
;

-- Apr 1, 2014 10:50:34 AM BRT
UPDATE AD_Field SET SeqNo=40,IsDisplayed='Y' WHERE AD_Field_ID=1000389
;

-- Apr 1, 2014 10:50:34 AM BRT
UPDATE AD_Field SET SeqNo=50,IsDisplayed='Y' WHERE AD_Field_ID=1000390
;

-- Apr 1, 2014 10:50:34 AM BRT
UPDATE AD_Field SET SeqNo=60,IsDisplayed='Y' WHERE AD_Field_ID=1000391
;

-- Apr 1, 2014 10:50:34 AM BRT
UPDATE AD_Field SET SeqNo=70,IsDisplayed='Y' WHERE AD_Field_ID=1000392
;

-- Apr 1, 2014 10:50:34 AM BRT
UPDATE AD_Field SET SeqNo=80,IsDisplayed='Y' WHERE AD_Field_ID=1000393
;

-- Apr 1, 2014 10:50:34 AM BRT
UPDATE AD_Field SET SeqNo=90,IsDisplayed='Y' WHERE AD_Field_ID=1000394
;

-- Apr 1, 2014 10:50:34 AM BRT
UPDATE AD_Field SET SeqNo=100,IsDisplayed='Y' WHERE AD_Field_ID=1000395
;

-- Apr 1, 2014 10:50:34 AM BRT
UPDATE AD_Field SET SeqNo=110,IsDisplayed='Y' WHERE AD_Field_ID=1000396
;

-- Apr 1, 2014 10:50:34 AM BRT
UPDATE AD_Field SET SeqNo=120,IsDisplayed='Y' WHERE AD_Field_ID=1000397
;

-- Apr 1, 2014 10:50:34 AM BRT
UPDATE AD_Field SET SeqNo=130,IsDisplayed='Y' WHERE AD_Field_ID=1000398
;

-- Apr 1, 2014 10:50:34 AM BRT
UPDATE AD_Field SET SeqNo=140,IsDisplayed='Y' WHERE AD_Field_ID=1000399
;

-- Apr 1, 2014 10:51:35 AM BRT
UPDATE AD_Field SET SeqNoGrid=0,IsDisplayedGrid='N' WHERE AD_Field_ID=1000384
;

-- Apr 1, 2014 10:51:35 AM BRT
UPDATE AD_Field SET SeqNoGrid=0,IsDisplayedGrid='N' WHERE AD_Field_ID=1000387
;

-- Apr 1, 2014 10:51:35 AM BRT
UPDATE AD_Field SET SeqNoGrid=0,IsDisplayedGrid='N' WHERE AD_Field_ID=1000386
;

-- Apr 1, 2014 10:51:35 AM BRT
UPDATE AD_Field SET SeqNoGrid=0,IsDisplayedGrid='N' WHERE AD_Field_ID=1000400
;

-- Apr 1, 2014 10:51:35 AM BRT
UPDATE AD_Field SET SeqNoGrid=10,IsDisplayedGrid='Y' WHERE AD_Field_ID=1000388
;

-- Apr 1, 2014 10:51:35 AM BRT
UPDATE AD_Field SET SeqNoGrid=20,IsDisplayedGrid='Y' WHERE AD_Field_ID=1000396
;

-- Apr 1, 2014 10:51:35 AM BRT
UPDATE AD_Field SET SeqNoGrid=30,IsDisplayedGrid='Y' WHERE AD_Field_ID=1000399
;

-- Apr 1, 2014 10:51:35 AM BRT
UPDATE AD_Field SET SeqNoGrid=40,IsDisplayedGrid='Y' WHERE AD_Field_ID=1000394
;

-- Apr 1, 2014 10:51:35 AM BRT
UPDATE AD_Field SET SeqNoGrid=50,IsDisplayedGrid='Y' WHERE AD_Field_ID=1000391
;

-- Apr 1, 2014 10:51:35 AM BRT
UPDATE AD_Field SET SeqNoGrid=60,IsDisplayedGrid='Y' WHERE AD_Field_ID=1000389
;

-- Apr 1, 2014 10:51:35 AM BRT
UPDATE AD_Field SET SeqNoGrid=70,IsDisplayedGrid='Y' WHERE AD_Field_ID=1000390
;

-- Apr 1, 2014 10:51:35 AM BRT
UPDATE AD_Field SET SeqNoGrid=80,IsDisplayedGrid='Y' WHERE AD_Field_ID=1000392
;

-- Apr 1, 2014 10:51:35 AM BRT
UPDATE AD_Field SET SeqNoGrid=90,IsDisplayedGrid='Y' WHERE AD_Field_ID=1000393
;

-- Apr 1, 2014 10:51:35 AM BRT
UPDATE AD_Field SET SeqNoGrid=100,IsDisplayedGrid='Y' WHERE AD_Field_ID=1000395
;

-- Apr 1, 2014 10:51:35 AM BRT
UPDATE AD_Field SET SeqNoGrid=110,IsDisplayedGrid='Y' WHERE AD_Field_ID=1000397
;

-- Apr 1, 2014 10:51:35 AM BRT
UPDATE AD_Field SET SeqNoGrid=120,IsDisplayedGrid='Y' WHERE AD_Field_ID=1000398
;

-- Apr 1, 2014 11:00:48 AM BRT
UPDATE AD_Field SET IsSameLine='Y',Updated=TO_TIMESTAMP('2014-04-01 11:00:48','YYYY-MM-DD HH24:MI:SS'),UpdatedBy=0 WHERE AD_Field_ID=1000384
;

-- Apr 1, 2014 11:01:34 AM BRT
UPDATE AD_Field SET IsSameLine='Y', XPosition=4,Updated=TO_TIMESTAMP('2014-04-01 11:01:34','YYYY-MM-DD HH24:MI:SS'),UpdatedBy=0 WHERE AD_Field_ID=1000390
;

-- Apr 1, 2014 11:02:10 AM BRT
UPDATE AD_Field SET IsSameLine='Y', XPosition=4,Updated=TO_TIMESTAMP('2014-04-01 11:02:10','YYYY-MM-DD HH24:MI:SS'),UpdatedBy=0 WHERE AD_Field_ID=1000393
;

-- Apr 1, 2014 11:02:40 AM BRT
UPDATE AD_Field SET IsSameLine='Y', XPosition=4,Updated=TO_TIMESTAMP('2014-04-01 11:02:40','YYYY-MM-DD HH24:MI:SS'),UpdatedBy=0 WHERE AD_Field_ID=1000396
;

-- Apr 1, 2014 11:03:28 AM BRT
UPDATE AD_Field SET IsSameLine='Y', XPosition=4,Updated=TO_TIMESTAMP('2014-04-01 11:03:28','YYYY-MM-DD HH24:MI:SS'),UpdatedBy=0 WHERE AD_Field_ID=1000398
;

-- Apr 1, 2014 11:05:58 AM BRT
UPDATE AD_Tab SET TabLevel=3,Updated=TO_TIMESTAMP('2014-04-01 11:05:58','YYYY-MM-DD HH24:MI:SS'),UpdatedBy=0 WHERE AD_Tab_ID=1000028
;

-- Apr 1, 2014 11:12:43 AM BRT
UPDATE AD_Field SET ColumnSpan=2,Updated=TO_TIMESTAMP('2014-04-01 11:12:43','YYYY-MM-DD HH24:MI:SS'),UpdatedBy=0 WHERE AD_Field_ID=1000392
;

-- Apr 1, 2014 11:16:06 AM BRT
UPDATE AD_Column SET IsUpdateable='Y',Updated=TO_TIMESTAMP('2014-04-01 11:16:06','YYYY-MM-DD HH24:MI:SS'),UpdatedBy=0 WHERE AD_Column_ID=1000493
;

-- Apr 1, 2014 11:16:14 AM BRT
INSERT INTO t_alter_column values('lbr_docline_ipi','AD_Org_ID','NUMERIC(10)',null,'NULL')
;

-- Apr 1, 2014 11:16:15 AM BRT
ALTER TABLE LBR_DocLine_IPI DROP CONSTRAINT adorg_lbrdoclineipi
;

-- Apr 1, 2014 11:16:15 AM BRT
ALTER TABLE LBR_DocLine_IPI ADD CONSTRAINT ADOrg_LBRDocLineIPI FOREIGN KEY (AD_Org_ID) REFERENCES ad_org(ad_org_id) DEFERRABLE INITIALLY DEFERRED
;

-- Apr 1, 2014 11:19:09 AM BRT
UPDATE AD_Field SET DisplayLogic='@CalculationType@=PER',Updated=TO_TIMESTAMP('2014-04-01 11:19:09','YYYY-MM-DD HH24:MI:SS'),UpdatedBy=0 WHERE AD_Field_ID=1000395
;

-- Apr 1, 2014 11:19:18 AM BRT
UPDATE AD_Field SET DisplayLogic='@CalculationType@=PER',Updated=TO_TIMESTAMP('2014-04-01 11:19:18','YYYY-MM-DD HH24:MI:SS'),UpdatedBy=0 WHERE AD_Field_ID=1000396
;

-- Apr 1, 2014 11:19:38 AM BRT
UPDATE AD_Field SET DisplayLogic='@CalculationType@=AMT',Updated=TO_TIMESTAMP('2014-04-01 11:19:38','YYYY-MM-DD HH24:MI:SS'),UpdatedBy=0 WHERE AD_Field_ID=1000397
;

-- Apr 1, 2014 11:19:45 AM BRT
UPDATE AD_Field SET DisplayLogic='@CalculationType@=AMT',Updated=TO_TIMESTAMP('2014-04-01 11:19:45','YYYY-MM-DD HH24:MI:SS'),UpdatedBy=0 WHERE AD_Field_ID=1000398
;

-- Apr 1, 2014 11:21:06 AM BRT
UPDATE AD_Field SET DisplayLogic='@CalculationType@=PER | @CalculationType@=AMT',Updated=TO_TIMESTAMP('2014-04-01 11:21:06','YYYY-MM-DD HH24:MI:SS'),UpdatedBy=0 WHERE AD_Field_ID=1000399
;

SELECT lbr_register_migration_script('201404011123.sql') FROM dual
;
